RMS,Mean,Variance,CrestFactor,Energy,DominantFreq,Label
0.08733724,-0.008389235,0.007564801,2.430581,7.810861,602.9297,C:\Users\sonar\Desktop\Assignments\sem7 project\Dataset\train_cut\engine1_good
0.09156357,-0.01051804,0.008281349,2.618357,8.585102,602.9297,C:\Users\sonar\Desktop\Assignments\sem7 project\Dataset\train_cut\engine1_good
0.09801237,-0.003351182,0.00960457,2.586194,9.836978,602.9297,C:\Users\sonar\Desktop\Assignments\sem7 project\Dataset\train_cut\engine1_good
0.07738747,0.001062363,0.005993542,2.512784,6.132551,602.9297,C:\Users\sonar\Desktop\Assignments\sem7 project\Dataset\train_cut\engine1_good
0.07838406,0.00179708,0.006146831,2.536122,6.291517,602.9297,C:\Users\sonar\Desktop\Assignments\sem7 project\Dataset\train_cut\engine1_good
0.07473713,-0.005331576,0.005562645,2.53901,5.719694,602.9297,C:\Users\sonar\Desktop\Assignments\sem7 project\Dataset\train_cut\engine1_good
0.07914163,0.000183731,0.006269486,2.838068,6.41372,602.9297,C:\Users\sonar\Desktop\Assignments\sem7 project\Dataset\train_cut\engine1_good
0.07666051,0.01156613,0.005748671,2.409622,6.017878,602.9297,C:\Users\sonar\Desktop\Assignments\sem7 project\Dataset\train_cut\engine1_good
0.1002518,-0.004169285,0.01004285,2.322946,10.29164,602.9297,C:\Users\sonar\Desktop\Assignments\sem7 project\Dataset\train_cut\engine1_good
0.09384216,-0.005937189,0.008779672,2.765836,9.017704,602.9297,C:\Users\sonar\Desktop\Assignments\sem7 project\Dataset\train_cut\engine1_good
0.09474076,-0.00250721,0.008978291,2.80918,9.191231,602.9297,C:\Users\sonar\Desktop\Assignments\sem7 project\Dataset\train_cut\engine1_good
0.1012143,-0.006092846,0.01021718,2.489606,10.49019,602.9297,C:\Users\sonar\Desktop\Assignments\sem7 project\Dataset\train_cut\engine1_good
0.1030953,-0.004457027,0.01061915,2.430268,10.88374,602.9297,C:\Users\sonar\Desktop\Assignments\sem7 project\Dataset\train_cut\engine1_good
0.1055393,-0.00741744,0.01109436,2.373701,11.40588,602.9297,C:\Users\sonar\Desktop\Assignments\sem7 project\Dataset\train_cut\engine1_good
0.09749366,-0.002876133,0.009506019,2.554253,9.733133,602.9297,C:\Users\sonar\Desktop\Assignments\sem7 project\Dataset\train_cut\engine1_good
0.09578455,-0.005195498,0.009156627,2.803737,9.394873,602.9297,C:\Users\sonar\Desktop\Assignments\sem7 project\Dataset\train_cut\engine1_good
0.09521824,-0.01073721,0.008959972,2.508564,9.284109,602.9297,C:\Users\sonar\Desktop\Assignments\sem7 project\Dataset\train_cut\engine1_good
0.09966845,0.01396796,0.009748211,2.28939,10.17221,602.9297,C:\Users\sonar\Desktop\Assignments\sem7 project\Dataset\train_cut\engine1_good
0.09424665,-0.007235438,0.008838708,2.543168,9.09561,602.9297,C:\Users\sonar\Desktop\Assignments\sem7 project\Dataset\train_cut\engine1_good
0.09949937,-0.002681851,0.009902602,3.066192,10.13773,602.9297,C:\Users\sonar\Desktop\Assignments\sem7 project\Dataset\train_cut\engine1_good
0.09434194,0.000568211,0.008908776,2.600119,9.114012,602.9297,C:\Users\sonar\Desktop\Assignments\sem7 project\Dataset\train_cut\engine1_good
0.09459203,0.000337929,0.008956282,2.371603,9.162397,602.9297,C:\Users\sonar\Desktop\Assignments\sem7 project\Dataset\train_cut\engine1_good
0.09936699,0.003259242,0.009872814,2.368816,10.11077,602.9297,C:\Users\sonar\Desktop\Assignments\sem7 project\Dataset\train_cut\engine1_good
0.09775852,0.002174318,0.009561335,2.263255,9.78609,602.9297,C:\Users\sonar\Desktop\Assignments\sem7 project\Dataset\train_cut\engine1_good
0.09608807,0.00601837,0.009205682,2.514122,9.454507,602.9297,C:\Users\sonar\Desktop\Assignments\sem7 project\Dataset\train_cut\engine1_good
0.09591621,0.005193174,0.009181915,2.417449,9.420717,602.9297,C:\Users\sonar\Desktop\Assignments\sem7 project\Dataset\train_cut\engine1_good
0.1004419,-0.000136048,0.01009842,2.4413,10.3307,602.9297,C:\Users\sonar\Desktop\Assignments\sem7 project\Dataset\train_cut\engine1_good
0.1055483,-0.003449649,0.01113941,2.411665,11.40781,602.9297,C:\Users\sonar\Desktop\Assignments\sem7 project\Dataset\train_cut\engine1_good
0.089611,0.006757855,0.007992269,2.678134,8.222855,602.9297,C:\Users\sonar\Desktop\Assignments\sem7 project\Dataset\train_cut\engine1_good
0.1035815,0.005148321,0.01071309,2.415326,10.98663,602.9297,C:\Users\sonar\Desktop\Assignments\sem7 project\Dataset\train_cut\engine1_good
0.1024973,0.01051041,0.0104054,2.239006,10.75784,602.9297,C:\Users\sonar\Desktop\Assignments\sem7 project\Dataset\train_cut\engine1_good
0.09411245,0.007450998,0.008810237,2.266628,9.069725,602.9297,C:\Users\sonar\Desktop\Assignments\sem7 project\Dataset\train_cut\engine1_good
0.09899765,0.002354801,0.009804564,2.664032,10.03575,602.9297,C:\Users\sonar\Desktop\Assignments\sem7 project\Dataset\train_cut\engine1_good
0.09156583,-0.003643155,0.008379209,2.829929,8.585524,602.9297,C:\Users\sonar\Desktop\Assignments\sem7 project\Dataset\train_cut\engine1_good
0.08866491,-0.005117089,0.00784294,2.533239,8.050142,602.9297,C:\Users\sonar\Desktop\Assignments\sem7 project\Dataset\train_cut\engine1_good
0.08978247,0.001339316,0.008066974,2.501366,8.254353,602.9297,C:\Users\sonar\Desktop\Assignments\sem7 project\Dataset\train_cut\engine1_good
0.0943104,0.008030117,0.0088386,2.435313,9.107918,602.9297,C:\Users\sonar\Desktop\Assignments\sem7 project\Dataset\train_cut\engine1_good
0.09314333,0.009922147,0.008585611,2.537252,8.883896,602.9297,C:\Users\sonar\Desktop\Assignments\sem7 project\Dataset\train_cut\engine1_good
0.09323303,0.003587723,0.008688011,2.39046,8.901015,602.9297,C:\Users\sonar\Desktop\Assignments\sem7 project\Dataset\train_cut\engine1_good
0.0931252,-0.007649928,0.008622202,2.57576,8.880438,602.9297,C:\Users\sonar\Desktop\Assignments\sem7 project\Dataset\train_cut\engine1_good
0.09039657,-0.004104197,0.008162663,2.312875,8.367657,602.9297,C:\Users\sonar\Desktop\Assignments\sem7 project\Dataset\train_cut\engine1_good
0.0920312,-0.004260182,0.008459853,2.577198,8.673017,602.9297,C:\Users\sonar\Desktop\Assignments\sem7 project\Dataset\train_cut\engine1_good
0.09097002,0.006391346,0.008242744,2.797137,8.474157,602.9297,C:\Users\sonar\Desktop\Assignments\sem7 project\Dataset\train_cut\engine1_good
0.08233678,0.002731174,0.006778507,2.607105,6.94205,602.9297,C:\Users\sonar\Desktop\Assignments\sem7 project\Dataset\train_cut\engine1_good
0.0826273,-0.000452608,0.006833737,2.452418,6.991126,602.9297,C:\Users\sonar\Desktop\Assignments\sem7 project\Dataset\train_cut\engine1_good
0.08717986,0.006308913,0.007567916,2.586542,7.782736,602.9297,C:\Users\sonar\Desktop\Assignments\sem7 project\Dataset\train_cut\engine1_good
0.08542188,-0.007594317,0.0072463,2.542956,7.472023,602.9297,C:\Users\sonar\Desktop\Assignments\sem7 project\Dataset\train_cut\engine1_good
0.08220775,0.01087826,0.006646267,2.626046,6.920308,602.9297,C:\Users\sonar\Desktop\Assignments\sem7 project\Dataset\train_cut\engine1_good
0.09144834,-0.003655553,0.008357598,2.495512,8.563507,602.9297,C:\Users\sonar\Desktop\Assignments\sem7 project\Dataset\train_cut\engine1_good
0.09296222,-0.002676994,0.00864325,2.374116,8.849382,602.9297,C:\Users\sonar\Desktop\Assignments\sem7 project\Dataset\train_cut\engine1_good
0.09490862,-0.008216947,0.008948865,2.775593,9.223831,602.9297,C:\Users\sonar\Desktop\Assignments\sem7 project\Dataset\train_cut\engine1_good
0.08753149,0.007508636,0.007612815,2.584519,7.845644,602.9297,C:\Users\sonar\Desktop\Assignments\sem7 project\Dataset\train_cut\engine1_good
0.09649003,0.003694326,0.009305763,2.495742,9.533773,602.9297,C:\Users\sonar\Desktop\Assignments\sem7 project\Dataset\train_cut\engine1_good
0.09473283,-0.006601334,0.008939456,2.659618,9.189692,602.9297,C:\Users\sonar\Desktop\Assignments\sem7 project\Dataset\train_cut\engine1_good
0.08910667,-0.00258708,0.007941059,2.370672,8.130559,602.9297,C:\Users\sonar\Desktop\Assignments\sem7 project\Dataset\train_cut\engine1_good
0.08899803,0.005621403,0.00789676,2.349905,8.110746,602.9297,C:\Users\sonar\Desktop\Assignments\sem7 project\Dataset\train_cut\engine1_good
0.09087149,0.007114679,0.00821503,2.409261,8.455811,602.9297,C:\Users\sonar\Desktop\Assignments\sem7 project\Dataset\train_cut\engine1_good
0.09543388,0.002164364,0.009111836,2.616417,9.326208,602.9297,C:\Users\sonar\Desktop\Assignments\sem7 project\Dataset\train_cut\engine1_good
0.09669605,0.0024423,0.009353292,2.415627,9.574529,602.9297,C:\Users\sonar\Desktop\Assignments\sem7 project\Dataset\train_cut\engine1_good
0.09894559,-0.004235715,0.009781838,2.444291,10.0252,602.9297,C:\Users\sonar\Desktop\Assignments\sem7 project\Dataset\train_cut\engine1_good
0.09300828,-0.003079176,0.008649506,2.548811,8.858153,602.9297,C:\Users\sonar\Desktop\Assignments\sem7 project\Dataset\train_cut\engine1_good
0.09287068,-0.004855961,0.008609789,2.600564,8.831961,602.9297,C:\Users\sonar\Desktop\Assignments\sem7 project\Dataset\train_cut\engine1_good
0.09268277,-0.01040968,0.008490021,2.849825,8.796259,602.9297,C:\Users\sonar\Desktop\Assignments\sem7 project\Dataset\train_cut\engine1_good
0.09032772,-0.005310059,0.008138849,2.347071,8.354917,602.9297,C:\Users\sonar\Desktop\Assignments\sem7 project\Dataset\train_cut\engine1_good
0.08318406,0.005386859,0.006897304,2.459117,7.085657,602.9297,C:\Users\sonar\Desktop\Assignments\sem7 project\Dataset\train_cut\engine1_good
0.07845976,-0.006611645,0.006118193,2.603687,6.303677,602.9297,C:\Users\sonar\Desktop\Assignments\sem7 project\Dataset\train_cut\engine1_good
0.0733404,0.001599133,0.005381512,2.733002,5.507906,602.9297,C:\Users\sonar\Desktop\Assignments\sem7 project\Dataset\train_cut\engine1_good
0.07136999,0.004552692,0.005077905,2.698563,5.215924,602.9297,C:\Users\sonar\Desktop\Assignments\sem7 project\Dataset\train_cut\engine1_good
0.07142345,-0.000502408,0.00510604,2.658089,5.22374,602.9297,C:\Users\sonar\Desktop\Assignments\sem7 project\Dataset\train_cut\engine1_good
0.06732877,-0.007664979,0.004478783,2.602178,4.641959,602.9297,C:\Users\sonar\Desktop\Assignments\sem7 project\Dataset\train_cut\engine1_good
0.06890497,-0.007401049,0.004697706,2.919555,4.861844,602.9297,C:\Users\sonar\Desktop\Assignments\sem7 project\Dataset\train_cut\engine1_good
0.0695511,-0.008358419,0.004772151,2.6669,4.953452,602.9297,C:\Users\sonar\Desktop\Assignments\sem7 project\Dataset\train_cut\engine1_good
0.09824208,0.008846164,0.009582607,2.395318,9.883142,602.9297,C:\Users\sonar\Desktop\Assignments\sem7 project\Dataset\train_cut\engine1_good
0.07174776,-0.004910797,0.005128633,3.241557,5.271286,602.9297,C:\Users\sonar\Desktop\Assignments\sem7 project\Dataset\train_cut\engine1_good
0.06987344,-0.000761002,0.004886491,2.84939,4.999473,602.9297,C:\Users\sonar\Desktop\Assignments\sem7 project\Dataset\train_cut\engine1_good
0.07281178,0.004009396,0.005290646,2.856369,5.428793,602.9297,C:\Users\sonar\Desktop\Assignments\sem7 project\Dataset\train_cut\engine1_good
0.07305563,0.008004785,0.005278203,2.633374,5.465217,602.9297,C:\Users\sonar\Desktop\Assignments\sem7 project\Dataset\train_cut\engine1_good
0.0739595,0.006282032,0.005435851,2.613983,5.601288,602.9297,C:\Users\sonar\Desktop\Assignments\sem7 project\Dataset\train_cut\engine1_good
0.07918368,-0.00962165,0.006183517,2.64386,6.420537,602.9297,C:\Users\sonar\Desktop\Assignments\sem7 project\Dataset\train_cut\engine1_good
0.07713907,0.005289644,0.005928242,2.52681,6.093246,602.9297,C:\Users\sonar\Desktop\Assignments\sem7 project\Dataset\train_cut\engine1_good
0.07426606,0.00172478,0.00551786,2.403073,5.647819,602.9297,C:\Users\sonar\Desktop\Assignments\sem7 project\Dataset\train_cut\engine1_good
0.07871714,-0.006582946,0.006159067,2.909588,6.345102,602.9297,C:\Users\sonar\Desktop\Assignments\sem7 project\Dataset\train_cut\engine1_good
0.07675083,0.003216475,0.00588609,2.554304,6.032067,602.9297,C:\Users\sonar\Desktop\Assignments\sem7 project\Dataset\train_cut\engine1_good
0.09681254,0.006606162,0.009338144,2.296718,9.597611,602.9297,C:\Users\sonar\Desktop\Assignments\sem7 project\Dataset\train_cut\engine1_good
0.08127089,-0.002601981,0.006604634,2.715272,6.763476,602.9297,C:\Users\sonar\Desktop\Assignments\sem7 project\Dataset\train_cut\engine1_good
0.08420351,0.003840357,0.007082398,2.831275,7.260397,602.9297,C:\Users\sonar\Desktop\Assignments\sem7 project\Dataset\train_cut\engine1_good
0.08957689,0.001471251,0.008029695,2.539131,8.216597,602.9297,C:\Users\sonar\Desktop\Assignments\sem7 project\Dataset\train_cut\engine1_good
0.08643974,-0.009137452,0.007395554,3.021758,7.651152,602.9297,C:\Users\sonar\Desktop\Assignments\sem7 project\Dataset\train_cut\engine1_good
0.08804917,0.003319323,0.007749206,2.429991,7.93872,602.9297,C:\Users\sonar\Desktop\Assignments\sem7 project\Dataset\train_cut\engine1_good
0.08669171,0.007665843,0.007463974,2.542319,7.695823,602.9297,C:\Users\sonar\Desktop\Assignments\sem7 project\Dataset\train_cut\engine1_good
0.08876048,-0.001910269,0.007882468,2.721675,8.067505,602.9297,C:\Users\sonar\Desktop\Assignments\sem7 project\Dataset\train_cut\engine1_good
0.08539598,-0.004213423,0.007281828,2.602693,7.467493,602.9297,C:\Users\sonar\Desktop\Assignments\sem7 project\Dataset\train_cut\engine1_good
0.07778158,0.000517041,0.006055621,2.759395,6.195174,602.9297,C:\Users\sonar\Desktop\Assignments\sem7 project\Dataset\train_cut\engine1_good
0.07530607,0.003028274,0.005667366,2.70462,5.807109,602.9297,C:\Users\sonar\Desktop\Assignments\sem7 project\Dataset\train_cut\engine1_good
0.09544427,0.004565984,0.009097641,2.570729,9.328239,602.9297,C:\Users\sonar\Desktop\Assignments\sem7 project\Dataset\train_cut\engine1_good
0.07513464,-0.008179039,0.005583771,2.783902,5.7807,602.9297,C:\Users\sonar\Desktop\Assignments\sem7 project\Dataset\train_cut\engine1_good
0.07668239,-0.001300275,0.005884242,3.142799,6.021314,602.9297,C:\Users\sonar\Desktop\Assignments\sem7 project\Dataset\train_cut\engine1_good
0.073942,0.008867651,0.00539405,2.842837,5.598637,602.9297,C:\Users\sonar\Desktop\Assignments\sem7 project\Dataset\train_cut\engine1_good
0.07271785,0.005597115,0.005261694,2.697646,5.414794,602.9297,C:\Users\sonar\Desktop\Assignments\sem7 project\Dataset\train_cut\engine1_good
0.07038154,-0.008023202,0.004893967,3.136244,5.072446,602.9297,C:\Users\sonar\Desktop\Assignments\sem7 project\Dataset\train_cut\engine1_good
0.0717365,-0.001495957,0.005148916,2.689456,5.269633,602.9297,C:\Users\sonar\Desktop\Assignments\sem7 project\Dataset\train_cut\engine1_good
0.07387136,0.007389575,0.005407652,2.484078,5.587945,602.9297,C:\Users\sonar\Desktop\Assignments\sem7 project\Dataset\train_cut\engine1_good
0.073247,0.004204243,0.005352673,2.63566,5.493886,602.9297,C:\Users\sonar\Desktop\Assignments\sem7 project\Dataset\train_cut\engine1_good
0.07417814,-0.008975834,0.00542713,2.782773,5.634455,602.9297,C:\Users\sonar\Desktop\Assignments\sem7 project\Dataset\train_cut\engine1_good
0.07633698,-0.006806552,0.005786654,2.954733,5.967191,602.9297,C:\Users\sonar\Desktop\Assignments\sem7 project\Dataset\train_cut\engine1_good
0.06204948,-0.001648635,0.003851179,3.364093,3.942541,4909.57,C:\Users\sonar\Desktop\Assignments\sem7 project\Dataset\train_cut\engine2_broken
0.06169142,-0.01664343,0.003532276,3.287156,3.897171,4909.57,C:\Users\sonar\Desktop\Assignments\sem7 project\Dataset\train_cut\engine2_broken
0.05419154,0.001473308,0.002937421,3.748278,3.007205,947.4609,C:\Users\sonar\Desktop\Assignments\sem7 project\Dataset\train_cut\engine2_broken
0.05336845,-0.008656293,0.00277597,2.90889,2.916548,4866.504,C:\Users\sonar\Desktop\Assignments\sem7 project\Dataset\train_cut\engine2_broken
0.05847412,0.004319638,0.003403888,2.96282,3.501284,947.4609,C:\Users\sonar\Desktop\Assignments\sem7 project\Dataset\train_cut\engine2_broken
0.04935869,-0.007387727,0.002384029,3.505039,2.494751,990.5273,C:\Users\sonar\Desktop\Assignments\sem7 project\Dataset\train_cut\engine2_broken
0.05962511,0.003181964,0.003548493,3.169216,3.640478,947.4609,C:\Users\sonar\Desktop\Assignments\sem7 project\Dataset\train_cut\engine2_broken
0.05537163,-0.007476717,0.003013057,3.458961,3.139601,4521.973,C:\Users\sonar\Desktop\Assignments\sem7 project\Dataset\train_cut\engine2_broken
0.05749337,0.003266096,0.00329804,3.123768,3.384819,947.4609,C:\Users\sonar\Desktop\Assignments\sem7 project\Dataset\train_cut\engine2_broken
0.05229734,-0.007270247,0.002684777,2.908362,2.800653,4263.574,C:\Users\sonar\Desktop\Assignments\sem7 project\Dataset\train_cut\engine2_broken
0.05744646,0.003557295,0.003290654,3.330844,3.379298,947.4609,C:\Users\sonar\Desktop\Assignments\sem7 project\Dataset\train_cut\engine2_broken
0.05342439,-0.005904317,0.00282206,3.257149,2.922666,1248.926,C:\Users\sonar\Desktop\Assignments\sem7 project\Dataset\train_cut\engine2_broken
0.06149538,0.004997879,0.003760373,3.301605,3.872442,947.4609,C:\Users\sonar\Desktop\Assignments\sem7 project\Dataset\train_cut\engine2_broken
0.06211578,0.008234531,0.003794266,3.157595,3.950971,947.4609,C:\Users\sonar\Desktop\Assignments\sem7 project\Dataset\train_cut\engine2_broken
0.05004046,-0.006708145,0.002461452,4.053726,2.564145,4909.57,C:\Users\sonar\Desktop\Assignments\sem7 project\Dataset\train_cut\engine2_broken
0.05402612,0.005713731,0.002888995,3.767664,2.988873,947.4609,C:\Users\sonar\Desktop\Assignments\sem7 project\Dataset\train_cut\engine2_broken
0.05185919,-0.004923165,0.002667743,3.412537,2.753921,4866.504,C:\Users\sonar\Desktop\Assignments\sem7 project\Dataset\train_cut\engine2_broken
0.0587011,0.008963943,0.003368756,3.129163,3.528519,947.4609,C:\Users\sonar\Desktop\Assignments\sem7 project\Dataset\train_cut\engine2_broken
0.04919085,-0.006067634,0.002385252,3.528166,2.477813,4263.574,C:\Users\sonar\Desktop\Assignments\sem7 project\Dataset\train_cut\engine2_broken
0.06217836,0.009157926,0.003785977,2.831957,3.958936,947.4609,C:\Users\sonar\Desktop\Assignments\sem7 project\Dataset\train_cut\engine2_broken
0.05168701,-0.003222317,0.002663764,4.405201,2.735664,43.06641,C:\Users\sonar\Desktop\Assignments\sem7 project\Dataset\train_cut\engine2_broken
0.05229017,0.003870606,0.002721939,3.151547,2.799884,947.4609,C:\Users\sonar\Desktop\Assignments\sem7 project\Dataset\train_cut\engine2_broken
0.05495694,-0.00368771,0.003009605,4.396309,3.092751,4263.574,C:\Users\sonar\Desktop\Assignments\sem7 project\Dataset\train_cut\engine2_broken
0.05611619,0.0021303,0.003147561,3.996595,3.224603,947.4609,C:\Users\sonar\Desktop\Assignments\sem7 project\Dataset\train_cut\engine2_broken
0.06050415,-0.008386999,0.003593919,3.447494,3.74861,4866.504,C:\Users\sonar\Desktop\Assignments\sem7 project\Dataset\train_cut\engine2_broken
0.05734902,0.000296235,0.003292036,3.801592,3.367844,1248.926,C:\Users\sonar\Desktop\Assignments\sem7 project\Dataset\train_cut\engine2_broken
0.06012003,-0.000889897,0.003617156,3.198964,3.701164,4478.906,C:\Users\sonar\Desktop\Assignments\sem7 project\Dataset\train_cut\engine2_broken
0.05062907,0.000203162,0.002565767,3.795629,2.624822,947.4609,C:\Users\sonar\Desktop\Assignments\sem7 project\Dataset\train_cut\engine2_broken
0.05205923,0.001320034,0.002711069,3.671425,2.775208,947.4609,C:\Users\sonar\Desktop\Assignments\sem7 project\Dataset\train_cut\engine2_broken
0.05690482,0.005221635,0.003214031,3.487504,3.315875,947.4609,C:\Users\sonar\Desktop\Assignments\sem7 project\Dataset\train_cut\engine2_broken
0.05878827,-0.000767857,0.003458848,2.991631,3.539006,947.4609,C:\Users\sonar\Desktop\Assignments\sem7 project\Dataset\train_cut\engine2_broken
0.05229948,-0.00413692,0.002720778,3.661562,2.800881,4909.57,C:\Users\sonar\Desktop\Assignments\sem7 project\Dataset\train_cut\engine2_broken
0.05641686,0.007336527,0.003132096,3.157409,3.259251,947.4609,C:\Users\sonar\Desktop\Assignments\sem7 project\Dataset\train_cut\engine2_broken
0.05968662,-0.007517636,0.003509403,3.603109,3.647993,4909.57,C:\Users\sonar\Desktop\Assignments\sem7 project\Dataset\train_cut\engine2_broken
0.06205155,0.001598567,0.0038516,3.832676,3.942804,947.4609,C:\Users\sonar\Desktop\Assignments\sem7 project\Dataset\train_cut\engine2_broken
0.05790904,0.000328004,0.003356626,3.531898,3.43394,947.4609,C:\Users\sonar\Desktop\Assignments\sem7 project\Dataset\train_cut\engine2_broken
0.05490693,0.002412617,0.003011891,2.946325,3.087126,947.4609,C:\Users\sonar\Desktop\Assignments\sem7 project\Dataset\train_cut\engine2_broken
0.0575253,-0.003564626,0.003299674,3.405325,3.38858,4866.504,C:\Users\sonar\Desktop\Assignments\sem7 project\Dataset\train_cut\engine2_broken
0.06054333,0.005687863,0.003636693,2.902388,3.753467,947.4609,C:\Users\sonar\Desktop\Assignments\sem7 project\Dataset\train_cut\engine2_broken
0.05745347,-0.008467644,0.003232356,3.554592,3.380123,4909.57,C:\Users\sonar\Desktop\Assignments\sem7 project\Dataset\train_cut\engine2_broken
0.05895077,0.005216599,0.00345135,3.934361,3.558598,947.4609,C:\Users\sonar\Desktop\Assignments\sem7 project\Dataset\train_cut\engine2_broken
0.06619169,-0.002545625,0.004379136,3.331997,4.486492,4866.504,C:\Users\sonar\Desktop\Assignments\sem7 project\Dataset\train_cut\engine2_broken
0.05196095,-0.000226945,0.002702527,3.414077,2.764739,43.06641,C:\Users\sonar\Desktop\Assignments\sem7 project\Dataset\train_cut\engine2_broken
0.05815574,0.00770244,0.00332601,2.994258,3.46326,947.4609,C:\Users\sonar\Desktop\Assignments\sem7 project\Dataset\train_cut\engine2_broken
0.0582954,-0.004773945,0.003378862,3.555081,3.479914,4866.504,C:\Users\sonar\Desktop\Assignments\sem7 project\Dataset\train_cut\engine2_broken
0.05993277,0.002059996,0.003591199,3.573544,3.678143,947.4609,C:\Users\sonar\Desktop\Assignments\sem7 project\Dataset\train_cut\engine2_broken
0.05763407,-0.006980658,0.003276155,3.078017,3.401407,990.5273,C:\Users\sonar\Desktop\Assignments\sem7 project\Dataset\train_cut\engine2_broken
0.05460538,-0.001583397,0.002982151,3.777436,3.05331,947.4609,C:\Users\sonar\Desktop\Assignments\sem7 project\Dataset\train_cut\engine2_broken
0.05533263,0.004091024,0.00304794,2.898287,3.135181,947.4609,C:\Users\sonar\Desktop\Assignments\sem7 project\Dataset\train_cut\engine2_broken
0.06386939,-0.000276655,0.00408321,2.889808,4.177203,4478.906,C:\Users\sonar\Desktop\Assignments\sem7 project\Dataset\train_cut\engine2_broken
0.05819336,-0.003142059,0.003379894,3.28285,3.467742,4909.57,C:\Users\sonar\Desktop\Assignments\sem7 project\Dataset\train_cut\engine2_broken
0.05584103,0.008859366,0.003042703,3.351734,3.193058,947.4609,C:\Users\sonar\Desktop\Assignments\sem7 project\Dataset\train_cut\engine2_broken
0.05968612,-0.004929483,0.003541591,3.14399,3.647932,4866.504,C:\Users\sonar\Desktop\Assignments\sem7 project\Dataset\train_cut\engine2_broken
0.0539822,0.003894895,0.002901741,3.531596,2.984015,947.4609,C:\Users\sonar\Desktop\Assignments\sem7 project\Dataset\train_cut\engine2_broken
0.05515221,-0.008912712,0.002965225,3.445609,3.114769,4866.504,C:\Users\sonar\Desktop\Assignments\sem7 project\Dataset\train_cut\engine2_broken
0.0620392,0.005490601,0.003822447,3.60175,3.941235,947.4609,C:\Users\sonar\Desktop\Assignments\sem7 project\Dataset\train_cut\engine2_broken
0.05996973,-0.00426802,0.003581649,3.340817,3.682682,990.5273,C:\Users\sonar\Desktop\Assignments\sem7 project\Dataset\train_cut\engine2_broken
0.0581618,0.002107441,0.003381656,3.386423,3.463982,4866.504,C:\Users\sonar\Desktop\Assignments\sem7 project\Dataset\train_cut\engine2_broken
0.05572391,-0.00331828,0.003097167,3.732281,3.179678,4909.57,C:\Users\sonar\Desktop\Assignments\sem7 project\Dataset\train_cut\engine2_broken
0.05499699,-0.000711769,0.003027116,3.26334,3.097261,947.4609,C:\Users\sonar\Desktop\Assignments\sem7 project\Dataset\train_cut\engine2_broken
0.05376929,-0.001173705,0.002892584,3.888389,2.960524,4263.574,C:\Users\sonar\Desktop\Assignments\sem7 project\Dataset\train_cut\engine2_broken
0.05587867,0.005819917,0.003091573,2.827367,3.197364,947.4609,C:\Users\sonar\Desktop\Assignments\sem7 project\Dataset\train_cut\engine2_broken
0.04862777,-0.003684193,0.002353384,3.932385,2.421412,4478.906,C:\Users\sonar\Desktop\Assignments\sem7 project\Dataset\train_cut\engine2_broken
0.06163003,0.005441815,0.00377233,4.15748,3.889419,947.4609,C:\Users\sonar\Desktop\Assignments\sem7 project\Dataset\train_cut\engine2_broken
0.04513989,-0.006802827,0.001993278,4.298433,2.086512,990.5273,C:\Users\sonar\Desktop\Assignments\sem7 project\Dataset\train_cut\engine2_broken
0.05909367,0.004574656,0.003474526,3.085653,3.575871,947.4609,C:\Users\sonar\Desktop\Assignments\sem7 project\Dataset\train_cut\engine2_broken
0.05683538,-0.01015955,0.0031301,3.109996,3.307786,4478.906,C:\Users\sonar\Desktop\Assignments\sem7 project\Dataset\train_cut\engine2_broken
0.05124487,0.004514933,0.002608199,3.633891,2.689062,947.4609,C:\Users\sonar\Desktop\Assignments\sem7 project\Dataset\train_cut\engine2_broken
0.05253635,-0.004066616,0.002746212,3.858819,2.82631,990.5273,C:\Users\sonar\Desktop\Assignments\sem7 project\Dataset\train_cut\engine2_broken
0.06314806,0.005752236,0.003958453,3.04267,4.083382,947.4609,C:\Users\sonar\Desktop\Assignments\sem7 project\Dataset\train_cut\engine2_broken
0.05667973,0.003782213,0.003201412,3.399054,3.289694,129.1992,C:\Users\sonar\Desktop\Assignments\sem7 project\Dataset\train_cut\engine2_broken
0.05543455,-0.002378732,0.003070328,3.199596,3.146742,947.4609,C:\Users\sonar\Desktop\Assignments\sem7 project\Dataset\train_cut\engine2_broken
0.05169649,0.002362072,0.002669555,3.664129,2.736668,947.4609,C:\Users\sonar\Desktop\Assignments\sem7 project\Dataset\train_cut\engine2_broken
0.05687637,0.000457227,0.003237874,3.31433,3.31256,947.4609,C:\Users\sonar\Desktop\Assignments\sem7 project\Dataset\train_cut\engine2_broken
0.05288564,-0.002135724,0.002795059,3.075669,2.864016,4478.906,C:\Users\sonar\Desktop\Assignments\sem7 project\Dataset\train_cut\engine2_broken
0.06083496,0.004433244,0.003684836,3.072077,3.789713,947.4609,C:\Users\sonar\Desktop\Assignments\sem7 project\Dataset\train_cut\engine2_broken
0.05256644,-0.002033532,0.002761791,3.061254,2.829548,4909.57,C:\Users\sonar\Desktop\Assignments\sem7 project\Dataset\train_cut\engine2_broken
0.05724434,0.007307231,0.00322667,3.882646,3.355561,947.4609,C:\Users\sonar\Desktop\Assignments\sem7 project\Dataset\train_cut\engine2_broken
0.05261929,-0.005443275,0.002741838,3.142854,2.835241,4866.504,C:\Users\sonar\Desktop\Assignments\sem7 project\Dataset\train_cut\engine2_broken
0.06534254,0.005986363,0.004237949,3.21557,4.372119,947.4609,C:\Users\sonar\Desktop\Assignments\sem7 project\Dataset\train_cut\engine2_broken
0.05852828,-0.003831893,0.003414209,3.621755,3.507773,4909.57,C:\Users\sonar\Desktop\Assignments\sem7 project\Dataset\train_cut\engine2_broken
0.05552271,-0.003148437,0.003075863,4.239933,3.156758,4478.906,C:\Users\sonar\Desktop\Assignments\sem7 project\Dataset\train_cut\engine2_broken
0.05753426,0.003792495,0.003299029,4.295908,3.389635,947.4609,C:\Users\sonar\Desktop\Assignments\sem7 project\Dataset\train_cut\engine2_broken
0.0546847,-0.006842345,0.002946475,4.423775,3.062186,4866.504,C:\Users\sonar\Desktop\Assignments\sem7 project\Dataset\train_cut\engine2_broken
0.05966613,0.00420329,0.003545842,2.809518,3.645489,947.4609,C:\Users\sonar\Desktop\Assignments\sem7 project\Dataset\train_cut\engine2_broken
0.05647787,-0.006067008,0.003156022,3.504142,3.266304,4866.504,C:\Users\sonar\Desktop\Assignments\sem7 project\Dataset\train_cut\engine2_broken
0.06223252,0.003423303,0.00386494,3.001125,3.965835,947.4609,C:\Users\sonar\Desktop\Assignments\sem7 project\Dataset\train_cut\engine2_broken
0.05669011,-0.008767813,0.003139959,3.425886,3.290899,1248.926,C:\Users\sonar\Desktop\Assignments\sem7 project\Dataset\train_cut\engine2_broken
0.05834263,0.00421831,0.003389377,3.514542,3.485555,947.4609,C:\Users\sonar\Desktop\Assignments\sem7 project\Dataset\train_cut\engine2_broken
0.05648298,-0.009336829,0.003106183,3.42224,3.266895,4866.504,C:\Users\sonar\Desktop\Assignments\sem7 project\Dataset\train_cut\engine2_broken
0.05774972,0.002136081,0.003333722,3.31441,3.415071,947.4609,C:\Users\sonar\Desktop\Assignments\sem7 project\Dataset\train_cut\engine2_broken
0.04966043,-0.000455022,0.002468362,3.595586,2.525346,4866.504,C:\Users\sonar\Desktop\Assignments\sem7 project\Dataset\train_cut\engine2_broken
0.05283979,-0.009286225,0.002708454,3.141867,2.859053,990.5273,C:\Users\sonar\Desktop\Assignments\sem7 project\Dataset\train_cut\engine2_broken
0.06441534,0.005460888,0.004123543,2.897532,4.248921,947.4609,C:\Users\sonar\Desktop\Assignments\sem7 project\Dataset\train_cut\engine2_broken
0.05264138,-0.009208709,0.002688939,3.736914,2.837621,990.5273,C:\Users\sonar\Desktop\Assignments\sem7 project\Dataset\train_cut\engine2_broken
0.0539989,0.0033952,0.002907192,3.902373,2.985862,947.4609,C:\Users\sonar\Desktop\Assignments\sem7 project\Dataset\train_cut\engine2_broken
0.0558161,-0.00502789,0.003093177,3.402439,3.190207,1248.926,C:\Users\sonar\Desktop\Assignments\sem7 project\Dataset\train_cut\engine2_broken
0.06524146,0.003234625,0.004250135,3.446949,4.358603,1248.926,C:\Users\sonar\Desktop\Assignments\sem7 project\Dataset\train_cut\engine2_broken
0.05469156,-0.006165832,0.002956035,3.357452,3.062954,990.5273,C:\Users\sonar\Desktop\Assignments\sem7 project\Dataset\train_cut\engine2_broken
0.05829149,0.004223347,0.003383365,3.801904,3.479447,947.4609,C:\Users\sonar\Desktop\Assignments\sem7 project\Dataset\train_cut\engine2_broken
0.05682571,-0.003701657,0.003218601,4.038527,3.306662,990.5273,C:\Users\sonar\Desktop\Assignments\sem7 project\Dataset\train_cut\engine2_broken
0.05714953,0.003453881,0.00325732,3.663207,3.344455,947.4609,C:\Users\sonar\Desktop\Assignments\sem7 project\Dataset\train_cut\engine2_broken
0.06265327,0.003983885,0.003913381,3.694553,4.019642,947.4609,C:\Users\sonar\Desktop\Assignments\sem7 project\Dataset\train_cut\engine2_broken
0.05118972,-0.005174845,0.002596142,2.697652,2.683277,990.5273,C:\Users\sonar\Desktop\Assignments\sem7 project\Dataset\train_cut\engine2_broken
0.04576277,0.003545225,0.002083698,3.027566,2.144493,947.4609,C:\Users\sonar\Desktop\Assignments\sem7 project\Dataset\train_cut\engine2_broken
0.05392962,-0.003757805,0.002897112,3.340943,2.978206,990.5273,C:\Users\sonar\Desktop\Assignments\sem7 project\Dataset\train_cut\engine2_broken
0.05848661,0.002482891,0.003417856,3.051935,3.502779,947.4609,C:\Users\sonar\Desktop\Assignments\sem7 project\Dataset\train_cut\engine2_broken
0.05415384,-0.004853636,0.002911922,3.680446,3.003022,990.5273,C:\Users\sonar\Desktop\Assignments\sem7 project\Dataset\train_cut\engine2_broken
0.04996561,0.00440976,0.002479537,3.072182,2.556479,947.4609,C:\Users\sonar\Desktop\Assignments\sem7 project\Dataset\train_cut\engine2_broken
0.05668655,-0.004303396,0.003197968,3.259211,3.290485,990.5273,C:\Users\sonar\Desktop\Assignments\sem7 project\Dataset\train_cut\engine2_broken
0.05413246,0.003152311,0.002923241,3.358867,3.000651,947.4609,C:\Users\sonar\Desktop\Assignments\sem7 project\Dataset\train_cut\engine2_broken
0.05723544,-0.002457708,0.00327305,3.812869,3.354517,990.5273,C:\Users\sonar\Desktop\Assignments\sem7 project\Dataset\train_cut\engine2_broken
0.05287652,0.002651304,0.002791624,3.558694,2.863029,947.4609,C:\Users\sonar\Desktop\Assignments\sem7 project\Dataset\train_cut\engine2_broken
0.05793611,-0.006404072,0.00331882,3.893175,3.437152,990.5273,C:\Users\sonar\Desktop\Assignments\sem7 project\Dataset\train_cut\engine2_broken
0.05514255,-0.00569734,0.003011181,4.172867,3.113678,990.5273,C:\Users\sonar\Desktop\Assignments\sem7 project\Dataset\train_cut\engine2_broken
0.05289753,0.003544092,0.002788311,3.168438,2.865304,947.4609,C:\Users\sonar\Desktop\Assignments\sem7 project\Dataset\train_cut\engine2_broken
0.05359412,-0.003202796,0.002864868,2.963832,2.941266,4263.574,C:\Users\sonar\Desktop\Assignments\sem7 project\Dataset\train_cut\engine2_broken
0.06144898,0.002531409,0.003773252,3.265857,3.8666,947.4609,C:\Users\sonar\Desktop\Assignments\sem7 project\Dataset\train_cut\engine2_broken
0.05116297,-0.00408712,0.002603487,3.308662,2.680474,990.5273,C:\Users\sonar\Desktop\Assignments\sem7 project\Dataset\train_cut\engine2_broken
0.05136591,0.005318671,0.002612719,3.223702,2.70178,947.4609,C:\Users\sonar\Desktop\Assignments\sem7 project\Dataset\train_cut\engine2_broken
0.05518678,-0.006319761,0.003008579,2.926961,3.118675,4263.574,C:\Users\sonar\Desktop\Assignments\sem7 project\Dataset\train_cut\engine2_broken
0.05778357,0.003484964,0.003330047,3.05421,3.419076,947.4609,C:\Users\sonar\Desktop\Assignments\sem7 project\Dataset\train_cut\engine2_broken
0.05517193,-0.006146967,0.003009094,3.286734,3.116997,990.5273,C:\Users\sonar\Desktop\Assignments\sem7 project\Dataset\train_cut\engine2_broken
0.05550866,0.00379616,0.003069798,3.119454,3.155161,947.4609,C:\Users\sonar\Desktop\Assignments\sem7 project\Dataset\train_cut\engine2_broken
0.25608,0.03647673,0.0643092,2.149625,67.15082,43.06641,C:\Users\sonar\Desktop\Assignments\sem7 project\Dataset\train_cut\engine3_heavyload
0.2612476,-0.03338206,0.06720159,2.127547,69.88834,43.06641,C:\Users\sonar\Desktop\Assignments\sem7 project\Dataset\train_cut\engine3_heavyload
0.2476681,-0.1264729,0.04538842,2.128496,62.81163,0,C:\Users\sonar\Desktop\Assignments\sem7 project\Dataset\train_cut\engine3_heavyload
0.2563414,0.1228786,0.05066125,2.226364,67.28796,0,C:\Users\sonar\Desktop\Assignments\sem7 project\Dataset\train_cut\engine3_heavyload
0.2643507,-0.08213243,0.06319728,2.068055,71.55846,43.06641,C:\Users\sonar\Desktop\Assignments\sem7 project\Dataset\train_cut\engine3_heavyload
0.2620232,-0.1344579,0.05062667,2.132431,70.30392,0,C:\Users\sonar\Desktop\Assignments\sem7 project\Dataset\train_cut\engine3_heavyload
0.2684445,0.06989861,0.06724232,2.140196,73.79196,43.06641,C:\Users\sonar\Desktop\Assignments\sem7 project\Dataset\train_cut\engine3_heavyload
0.2586751,0.1348052,0.04878797,2.238722,68.5187,0,C:\Users\sonar\Desktop\Assignments\sem7 project\Dataset\train_cut\engine3_heavyload
0.2707057,-0.04438791,0.07138101,2.146557,75.04035,43.06641,C:\Users\sonar\Desktop\Assignments\sem7 project\Dataset\train_cut\engine3_heavyload
0.2583073,-0.1534944,0.04320433,2.186145,68.32401,0,C:\Users\sonar\Desktop\Assignments\sem7 project\Dataset\train_cut\engine3_heavyload
0.2723551,-0.05105481,0.07164069,2.142745,75.95756,43.06641,C:\Users\sonar\Desktop\Assignments\sem7 project\Dataset\train_cut\engine3_heavyload
0.2622284,0.1239935,0.05344153,2.176964,70.41408,0,C:\Users\sonar\Desktop\Assignments\sem7 project\Dataset\train_cut\engine3_heavyload
0.2621351,0.1010757,0.05855571,2.216856,70.364,43.06641,C:\Users\sonar\Desktop\Assignments\sem7 project\Dataset\train_cut\engine3_heavyload
0.2492836,0.08812982,0.05442861,2.105521,63.63374,43.06641,C:\Users\sonar\Desktop\Assignments\sem7 project\Dataset\train_cut\engine3_heavyload
0.266196,-0.1203689,0.05642673,2.118951,72.56097,0,C:\Users\sonar\Desktop\Assignments\sem7 project\Dataset\train_cut\engine3_heavyload
0.273134,-0.04971799,0.07220079,2.055965,76.39262,43.06641,C:\Users\sonar\Desktop\Assignments\sem7 project\Dataset\train_cut\engine3_heavyload
0.2535821,0.1512625,0.04146404,2.258652,65.84721,0,C:\Users\sonar\Desktop\Assignments\sem7 project\Dataset\train_cut\engine3_heavyload
0.2627605,-0.11711,0.05538245,2.158851,70.70013,0,C:\Users\sonar\Desktop\Assignments\sem7 project\Dataset\train_cut\engine3_heavyload
0.2743252,0.02184266,0.07485032,2.07585,77.06043,43.06641,C:\Users\sonar\Desktop\Assignments\sem7 project\Dataset\train_cut\engine3_heavyload
0.2665204,0.09045076,0.06291324,2.071258,72.73793,43.06641,C:\Users\sonar\Desktop\Assignments\sem7 project\Dataset\train_cut\engine3_heavyload
0.2609784,-0.1480266,0.04624295,2.177686,69.74434,0,C:\Users\sonar\Desktop\Assignments\sem7 project\Dataset\train_cut\engine3_heavyload
0.253387,0.1510633,0.04142531,2.251961,65.7459,0,C:\Users\sonar\Desktop\Assignments\sem7 project\Dataset\train_cut\engine3_heavyload
0.2596386,-0.1360901,0.04893949,2.173055,69.03011,0,C:\Users\sonar\Desktop\Assignments\sem7 project\Dataset\train_cut\engine3_heavyload
0.2755562,-0.05776578,0.07266527,2.041548,77.75356,602.9297,C:\Users\sonar\Desktop\Assignments\sem7 project\Dataset\train_cut\engine3_heavyload
0.2586898,-0.03439304,0.06580179,2.063174,68.5265,43.06641,C:\Users\sonar\Desktop\Assignments\sem7 project\Dataset\train_cut\engine3_heavyload
0.263991,0.1316023,0.05242329,2.189942,71.36385,0,C:\Users\sonar\Desktop\Assignments\sem7 project\Dataset\train_cut\engine3_heavyload
0.2729527,-0.05390096,0.07166783,2.078909,76.29124,43.06641,C:\Users\sonar\Desktop\Assignments\sem7 project\Dataset\train_cut\engine3_heavyload
0.2797148,-0.04178989,0.07656877,2.032034,80.11814,43.06641,C:\Users\sonar\Desktop\Assignments\sem7 project\Dataset\train_cut\engine3_heavyload
0.2591062,0.1423244,0.04692561,2.257964,68.74731,0,C:\Users\sonar\Desktop\Assignments\sem7 project\Dataset\train_cut\engine3_heavyload
0.263151,-0.1367722,0.05059123,2.175826,70.91042,0,C:\Users\sonar\Desktop\Assignments\sem7 project\Dataset\train_cut\engine3_heavyload
0.2698559,0.02817938,0.07209854,2.141668,74.56995,43.06641,C:\Users\sonar\Desktop\Assignments\sem7 project\Dataset\train_cut\engine3_heavyload
0.2639152,0.1106443,0.05746516,2.12836,71.32283,602.9297,C:\Users\sonar\Desktop\Assignments\sem7 project\Dataset\train_cut\engine3_heavyload
0.2667953,-0.1060493,0.05999186,2.071983,72.88805,602.9297,C:\Users\sonar\Desktop\Assignments\sem7 project\Dataset\train_cut\engine3_heavyload
0.2608599,-0.03743154,0.0667119,2.081106,69.68105,43.06641,C:\Users\sonar\Desktop\Assignments\sem7 project\Dataset\train_cut\engine3_heavyload
0.2486881,0.1190981,0.047708,2.137192,63.33009,0,C:\Users\sonar\Desktop\Assignments\sem7 project\Dataset\train_cut\engine3_heavyload
0.2501141,-0.1262974,0.04665158,2.173568,64.05843,0,C:\Users\sonar\Desktop\Assignments\sem7 project\Dataset\train_cut\engine3_heavyload
0.260759,0.01898494,0.06770089,2.095956,69.62712,43.06641,C:\Users\sonar\Desktop\Assignments\sem7 project\Dataset\train_cut\engine3_heavyload
0.2527671,0.09273008,0.05534636,2.165968,65.42458,602.9297,C:\Users\sonar\Desktop\Assignments\sem7 project\Dataset\train_cut\engine3_heavyload
0.2445074,-0.1426244,0.0394807,2.170614,61.21867,0,C:\Users\sonar\Desktop\Assignments\sem7 project\Dataset\train_cut\engine3_heavyload
0.2436522,0.1336861,0.04153499,2.156815,60.7912,0,C:\Users\sonar\Desktop\Assignments\sem7 project\Dataset\train_cut\engine3_heavyload
0.2443893,0.01799169,0.05946052,2.052159,61.15958,43.06641,C:\Users\sonar\Desktop\Assignments\sem7 project\Dataset\train_cut\engine3_heavyload
0.261461,-0.06855318,0.06372455,2.089161,70.00255,43.06641,C:\Users\sonar\Desktop\Assignments\sem7 project\Dataset\train_cut\engine3_heavyload
0.2621826,-0.04586485,0.06670126,2.140796,70.38945,43.06641,C:\Users\sonar\Desktop\Assignments\sem7 project\Dataset\train_cut\engine3_heavyload
0.2511075,0.1293581,0.04636672,2.206048,64.56829,0,C:\Users\sonar\Desktop\Assignments\sem7 project\Dataset\train_cut\engine3_heavyload
0.2481199,-0.1397081,0.0420862,2.222402,63.04099,0,C:\Users\sonar\Desktop\Assignments\sem7 project\Dataset\train_cut\engine3_heavyload
0.2535916,0.08864227,0.05650639,2.123064,65.85209,43.06641,C:\Users\sonar\Desktop\Assignments\sem7 project\Dataset\train_cut\engine3_heavyload
0.259086,-0.03350142,0.06606773,2.123389,68.73656,43.06641,C:\Users\sonar\Desktop\Assignments\sem7 project\Dataset\train_cut\engine3_heavyload
0.2587825,-0.01553077,0.06679241,2.129181,68.57563,43.06641,C:\Users\sonar\Desktop\Assignments\sem7 project\Dataset\train_cut\engine3_heavyload
0.2562745,0.03423375,0.06456773,2.11739,67.25285,43.06641,C:\Users\sonar\Desktop\Assignments\sem7 project\Dataset\train_cut\engine3_heavyload
0.2565719,-0.04889217,0.06350065,2.152641,67.40901,43.06641,C:\Users\sonar\Desktop\Assignments\sem7 project\Dataset\train_cut\engine3_heavyload
0.2561984,0.03913471,0.06416874,2.090146,67.21291,43.06641,C:\Users\sonar\Desktop\Assignments\sem7 project\Dataset\train_cut\engine3_heavyload
0.2488892,0.02968076,0.06112459,2.132154,63.43255,43.06641,C:\Users\sonar\Desktop\Assignments\sem7 project\Dataset\train_cut\engine3_heavyload
0.2587989,-0.01511592,0.0668136,2.058059,68.58432,43.06641,C:\Users\sonar\Desktop\Assignments\sem7 project\Dataset\train_cut\engine3_heavyload
0.2588027,-0.01250616,0.06688777,2.038336,68.58635,43.06641,C:\Users\sonar\Desktop\Assignments\sem7 project\Dataset\train_cut\engine3_heavyload
0.2551801,0.05624786,0.06201359,2.104705,66.67967,43.06641,C:\Users\sonar\Desktop\Assignments\sem7 project\Dataset\train_cut\engine3_heavyload
0.2509099,-0.1020862,0.05258555,2.159985,64.46672,0,C:\Users\sonar\Desktop\Assignments\sem7 project\Dataset\train_cut\engine3_heavyload
0.2455128,0.1112957,0.0479366,2.178879,61.72317,0,C:\Users\sonar\Desktop\Assignments\sem7 project\Dataset\train_cut\engine3_heavyload
0.2470304,-0.138554,0.0418677,2.201195,62.48861,0,C:\Users\sonar\Desktop\Assignments\sem7 project\Dataset\train_cut\engine3_heavyload
0.2458305,0.1342705,0.04244549,2.194933,61.883,0,C:\Users\sonar\Desktop\Assignments\sem7 project\Dataset\train_cut\engine3_heavyload
0.2494292,-0.1361819,0.04371209,2.219301,63.70809,0,C:\Users\sonar\Desktop\Assignments\sem7 project\Dataset\train_cut\engine3_heavyload
0.2537824,0.116624,0.05085399,2.153815,65.95123,0,C:\Users\sonar\Desktop\Assignments\sem7 project\Dataset\train_cut\engine3_heavyload
0.2538427,-0.1010465,0.05427873,2.179872,65.9826,602.9297,C:\Users\sonar\Desktop\Assignments\sem7 project\Dataset\train_cut\engine3_heavyload
0.2503421,-0.08502796,0.0554956,2.102713,64.17529,43.06641,C:\Users\sonar\Desktop\Assignments\sem7 project\Dataset\train_cut\engine3_heavyload
0.2633884,0.05557156,0.06635004,2.211058,71.03839,43.06641,C:\Users\sonar\Desktop\Assignments\sem7 project\Dataset\train_cut\engine3_heavyload
0.2677121,0.05456984,0.068759,2.040265,73.38982,602.9297,C:\Users\sonar\Desktop\Assignments\sem7 project\Dataset\train_cut\engine3_heavyload
0.2535178,-0.1388883,0.04502527,2.179657,65.81377,0,C:\Users\sonar\Desktop\Assignments\sem7 project\Dataset\train_cut\engine3_heavyload
0.2604267,0.09030962,0.05972457,2.154644,69.4498,43.06641,C:\Users\sonar\Desktop\Assignments\sem7 project\Dataset\train_cut\engine3_heavyload
0.262789,0.06743389,0.06457379,2.107636,70.71545,602.9297,C:\Users\sonar\Desktop\Assignments\sem7 project\Dataset\train_cut\engine3_heavyload
0.259008,-0.1282853,0.05067756,2.14936,68.69522,0,C:\Users\sonar\Desktop\Assignments\sem7 project\Dataset\train_cut\engine3_heavyload
0.268141,-0.05021489,0.06944586,2.091631,73.62518,43.06641,C:\Users\sonar\Desktop\Assignments\sem7 project\Dataset\train_cut\engine3_heavyload
0.2551206,0.1320302,0.04770112,2.186179,66.64861,0,C:\Users\sonar\Desktop\Assignments\sem7 project\Dataset\train_cut\engine3_heavyload
0.2679439,0.03059861,0.07092695,2.058887,73.51701,43.06641,C:\Users\sonar\Desktop\Assignments\sem7 project\Dataset\train_cut\engine3_heavyload
0.2594472,-0.1253289,0.05165599,2.185479,68.92839,0,C:\Users\sonar\Desktop\Assignments\sem7 project\Dataset\train_cut\engine3_heavyload
0.2396798,0.1223883,0.04250903,2.233688,58.82512,0,C:\Users\sonar\Desktop\Assignments\sem7 project\Dataset\train_cut\engine3_heavyload
0.2662635,-0.09144938,0.06259437,2.073371,72.59774,602.9297,C:\Users\sonar\Desktop\Assignments\sem7 project\Dataset\train_cut\engine3_heavyload
0.2641777,0.0859898,0.06245661,2.053121,71.46484,602.9297,C:\Users\sonar\Desktop\Assignments\sem7 project\Dataset\train_cut\engine3_heavyload
0.2559759,0.1400155,0.04596419,2.14442,67.09621,0,C:\Users\sonar\Desktop\Assignments\sem7 project\Dataset\train_cut\engine3_heavyload
0.2695997,-0.01383972,0.07256334,2.078503,74.42842,602.9297,C:\Users\sonar\Desktop\Assignments\sem7 project\Dataset\train_cut\engine3_heavyload
0.2560939,-0.1414942,0.04560798,2.249489,67.15809,0,C:\Users\sonar\Desktop\Assignments\sem7 project\Dataset\train_cut\engine3_heavyload
0.2696631,0.03376266,0.0716482,2.156328,74.4634,43.06641,C:\Users\sonar\Desktop\Assignments\sem7 project\Dataset\train_cut\engine3_heavyload
0.2529142,0.1426612,0.043656,2.179067,65.50075,0,C:\Users\sonar\Desktop\Assignments\sem7 project\Dataset\train_cut\engine3_heavyload
0.2640116,0.1105635,0.05753401,2.091981,71.37495,602.9297,C:\Users\sonar\Desktop\Assignments\sem7 project\Dataset\train_cut\engine3_heavyload
0.2564882,0.1216557,0.0510359,2.177735,67.36506,0,C:\Users\sonar\Desktop\Assignments\sem7 project\Dataset\train_cut\engine3_heavyload
0.2542632,0.1429737,0.0442515,2.206874,66.20135,0,C:\Users\sonar\Desktop\Assignments\sem7 project\Dataset\train_cut\engine3_heavyload
0.236214,-0.1374495,0.03694075,2.277443,57.13617,0,C:\Users\sonar\Desktop\Assignments\sem7 project\Dataset\train_cut\engine3_heavyload
0.2527885,0.1445706,0.0430434,2.193671,65.43568,0,C:\Users\sonar\Desktop\Assignments\sem7 project\Dataset\train_cut\engine3_heavyload
0.2567154,0.1409075,0.04609291,2.192806,67.48449,0,C:\Users\sonar\Desktop\Assignments\sem7 project\Dataset\train_cut\engine3_heavyload
0.2558231,0.125884,0.04964716,2.185782,67.01616,0,C:\Users\sonar\Desktop\Assignments\sem7 project\Dataset\train_cut\engine3_heavyload
0.2544234,0.1401869,0.04512296,2.227554,66.28482,0,C:\Users\sonar\Desktop\Assignments\sem7 project\Dataset\train_cut\engine3_heavyload
0.2667711,-0.01201564,0.07109185,2.071828,72.87482,43.06641,C:\Users\sonar\Desktop\Assignments\sem7 project\Dataset\train_cut\engine3_heavyload
0.2499471,-0.145525,0.0413364,2.209574,63.97293,0,C:\Users\sonar\Desktop\Assignments\sem7 project\Dataset\train_cut\engine3_heavyload
0.2608993,-0.1422172,0.04788949,2.154483,69.7021,0,C:\Users\sonar\Desktop\Assignments\sem7 project\Dataset\train_cut\engine3_heavyload
0.2563772,-0.1423624,0.04550659,2.196176,67.30675,0,C:\Users\sonar\Desktop\Assignments\sem7 project\Dataset\train_cut\engine3_heavyload
0.2580596,-0.1334971,0.04882095,2.148864,68.19304,0,C:\Users\sonar\Desktop\Assignments\sem7 project\Dataset\train_cut\engine3_heavyload
0.2663611,-0.09380451,0.06220973,2.089567,72.65102,602.9297,C:\Users\sonar\Desktop\Assignments\sem7 project\Dataset\train_cut\engine3_heavyload
0.2416805,0.1341887,0.04044236,2.197897,59.81131,0,C:\Users\sonar\Desktop\Assignments\sem7 project\Dataset\train_cut\engine3_heavyload
0.2669117,0.02396321,0.07073668,2.13385,72.95166,43.06641,C:\Users\sonar\Desktop\Assignments\sem7 project\Dataset\train_cut\engine3_heavyload
0.259523,0.09374836,0.05862064,2.09853,68.96863,43.06641,C:\Users\sonar\Desktop\Assignments\sem7 project\Dataset\train_cut\engine3_heavyload
0.2673486,0.0740791,0.06605203,2.072375,73.19067,43.06641,C:\Users\sonar\Desktop\Assignments\sem7 project\Dataset\train_cut\engine3_heavyload
0.2670234,0.06259167,0.06744964,2.124157,73.01274,43.06641,C:\Users\sonar\Desktop\Assignments\sem7 project\Dataset\train_cut\engine3_heavyload
0.2667791,0.08450523,0.06409254,2.135025,72.8792,602.9297,C:\Users\sonar\Desktop\Assignments\sem7 project\Dataset\train_cut\engine3_heavyload
0.2656068,0.06862822,0.06590146,2.095043,72.24007,43.06641,C:\Users\sonar\Desktop\Assignments\sem7 project\Dataset\train_cut\engine3_heavyload
0.2669489,-0.04736018,0.06908622,2.074906,72.97202,43.06641,C:\Users\sonar\Desktop\Assignments\sem7 project\Dataset\train_cut\engine3_heavyload
0.2532456,-0.1513924,0.04125397,2.178264,65.67253,0,C:\Users\sonar\Desktop\Assignments\sem7 project\Dataset\train_cut\engine3_heavyload
0.2679522,-0.08150205,0.06521948,2.04994,73.52155,43.06641,C:\Users\sonar\Desktop\Assignments\sem7 project\Dataset\train_cut\engine3_heavyload
0.2705509,0.001912892,0.07326569,2.040289,74.95454,43.06641,C:\Users\sonar\Desktop\Assignments\sem7 project\Dataset\train_cut\engine3_heavyload
0.2352419,-0.1397176,0.03585275,2.257925,56.66686,0,C:\Users\sonar\Desktop\Assignments\sem7 project\Dataset\train_cut\engine3_heavyload
0.2739242,0.0485014,0.07275312,2.08212,76.8353,602.9297,C:\Users\sonar\Desktop\Assignments\sem7 project\Dataset\train_cut\engine3_heavyload
0.2729444,-0.0386456,0.07307652,2.077072,76.28661,602.9297,C:\Users\sonar\Desktop\Assignments\sem7 project\Dataset\train_cut\engine3_heavyload
0.2659951,-0.1105579,0.05858758,2.119634,72.45148,602.9297,C:\Users\sonar\Desktop\Assignments\sem7 project\Dataset\train_cut\engine3_heavyload
0.2578114,-0.1426075,0.0461749,2.158627,68.06192,0,C:\Users\sonar\Desktop\Assignments\sem7 project\Dataset\train_cut\engine3_heavyload
0.2586539,-0.1323747,0.04942702,2.199852,68.50747,0,C:\Users\sonar\Desktop\Assignments\sem7 project\Dataset\train_cut\engine3_heavyload
0.2744319,-0.06477484,0.07118662,2.043239,77.12036,43.06641,C:\Users\sonar\Desktop\Assignments\sem7 project\Dataset\train_cut\engine3_heavyload
0.2782766,0.007013649,0.07746429,2.026744,79.29636,43.06641,C:\Users\sonar\Desktop\Assignments\sem7 project\Dataset\train_cut\engine3_heavyload
0.2727057,0.0502212,0.07191647,2.066692,76.15323,43.06641,C:\Users\sonar\Desktop\Assignments\sem7 project\Dataset\train_cut\engine3_heavyload
0.2725497,0.07751587,0.06834136,2.089821,76.06614,602.9297,C:\Users\sonar\Desktop\Assignments\sem7 project\Dataset\train_cut\engine3_heavyload
0.2614627,0.09636456,0.05913434,2.162564,70.00344,602.9297,C:\Users\sonar\Desktop\Assignments\sem7 project\Dataset\train_cut\engine3_heavyload
0.2409474,0.1380934,0.03902399,2.169374,59.44901,0,C:\Users\sonar\Desktop\Assignments\sem7 project\Dataset\train_cut\engine3_heavyload
0.2636568,0.09246361,0.06102496,2.200936,71.18326,602.9297,C:\Users\sonar\Desktop\Assignments\sem7 project\Dataset\train_cut\engine3_heavyload
0.2757346,0.009217739,0.07601882,2.039452,77.85427,43.06641,C:\Users\sonar\Desktop\Assignments\sem7 project\Dataset\train_cut\engine3_heavyload
0.26099,-0.109818,0.05611059,2.130466,69.75053,0,C:\Users\sonar\Desktop\Assignments\sem7 project\Dataset\train_cut\engine3_heavyload
0.2634512,-0.1386894,0.05022082,2.109868,71.07229,0,C:\Users\sonar\Desktop\Assignments\sem7 project\Dataset\train_cut\engine3_heavyload
0.2756507,-0.02534398,0.07541462,2.023687,77.8069,602.9297,C:\Users\sonar\Desktop\Assignments\sem7 project\Dataset\train_cut\engine3_heavyload
0.2659919,0.1137939,0.05785912,2.091895,72.44973,602.9297,C:\Users\sonar\Desktop\Assignments\sem7 project\Dataset\train_cut\engine3_heavyload
0.255659,0.1242611,0.04996951,2.230277,66.93021,0,C:\Users\sonar\Desktop\Assignments\sem7 project\Dataset\train_cut\engine3_heavyload
0.2733701,-0.06865057,0.07008675,2.124631,76.52477,43.06641,C:\Users\sonar\Desktop\Assignments\sem7 project\Dataset\train_cut\engine3_heavyload
0.264659,-0.1210884,0.05543611,2.07441,71.72546,0,C:\Users\sonar\Desktop\Assignments\sem7 project\Dataset\train_cut\engine3_heavyload
0.2634086,0.09708539,0.06001715,2.155393,71.04932,602.9297,C:\Users\sonar\Desktop\Assignments\sem7 project\Dataset\train_cut\engine3_heavyload
